{
   "apiVersion":"v1",
   "kind":"Template",
   "metadata":{
      "annotations":{
         "description":"CA Directory 12.0.15.ga LDAP Browser"
      },
      "creationTimestamp":null,
      "name":"jxweb-12-0-15-ga",
      "namespace":"utility"
   },
   "objects":[
      {
         "apiVersion":"v1",
         "kind":"ReplicationController",
         "metadata":{
            "annotations":{
               "description":"JXWeb Replication Controller"
            },
            "labels":{
               "ca.com/jxweb-12-0-15-ga":"web"
            },
            "name":"jxweb-rc",
            "namespace":"utility"
         },
         "spec":{
            "replicas":1,
            "selector":{
               "ca.com/jxweb-12-0-15-ga":"web"
            },
            "template":{
               "metadata":{
                  "annotations":{
                     "description":"JXWeb Pod"
                  },
                  "labels":{
                     "ca.com/jxweb-12-0-15-ga":"web"
                  },
                  "name":"web",
                  "namespace":"utility"
               },
               "spec":{
                  "containers":[
                     {
                        "image":"store.vapp-security.solutions/directory/jxweb:12.0.15.ga",
                        "name":"web",
                        "ports":[
                           {
                              "containerPort":9090
                           }
                        ]
                     }
                  ],
                  "dnsPolicy":"ClusterFirst",
                  "restartPolicy":"Always"
               }
            }
         }
      },
      {
         "apiVersion":"v1",
         "kind":"Service",
         "metadata":{
            "annotations":{
               "ca.com/cluster-public-url":"/jxweb",
               "ca.com/cluster-public-urltext":"UI",
               "ca.com/cluster-public-urlpath":"/jxweb",
               "ca.com/cluster-public-urlpath-backend":"/jxweb",
               "description":"Public service to expose JXWeb UI"
            },
            "labels":{
               "ca.com/cluster-public-service":"true"
            },
            "name":"jxweb",
            "namespace":"utility"
         },
         "spec":{
            "ports":[
               {
                  "port":80,
                  "targetPort":9090
               }
            ],
            "selector":{
               "ca.com/jxweb-12-0-15-ga":"web"
            }
         }
      }
   ]
}
